{
  "version": 1,
  "author": "Carlos Eduardo",
  "editor": "wokwi",
  "parts": [
    { "type": "wokwi-breadboard-half", "id": "bb1", "top": -89.4, "left": -256.4, "attrs": {} },
    {
      "type": "board-pi-pico-w",
      "id": "pico",
      "top": -80.05,
      "left": 224.35,
      "attrs": { "builder": "pico-sdk" }
    },
    {
      "type": "wokwi-resistor",
      "id": "r1",
      "top": -34.45,
      "left": -9.6,
      "attrs": { "value": "1000" }
    },
    {
      "type": "wokwi-led",
      "id": "led1",
      "top": -80.4,
      "left": -34.6,
      "attrs": { "color": "red" }
    },
    {
      "type": "wokwi-led",
      "id": "led2",
      "top": -80.4,
      "left": -111.4,
      "attrs": { "color": "yellow" }
    },
    {
      "type": "wokwi-led",
      "id": "led3",
      "top": -80.4,
      "left": -188.2,
      "attrs": { "color": "limegreen" }
    },
    {
      "type": "wokwi-resistor",
      "id": "r2",
      "top": -24.85,
      "left": -86.4,
      "attrs": { "value": "1000" }
    },
    {
      "type": "wokwi-resistor",
      "id": "r3",
      "top": -15.25,
      "left": -163.2,
      "attrs": { "value": "1000" }
    },
    { "type": "wokwi-led", "id": "led4", "top": 6, "left": -34.6, "attrs": { "color": "green" } },
    {
      "type": "wokwi-resistor",
      "id": "r4",
      "top": 51.95,
      "left": -9.6,
      "attrs": { "value": "1000" }
    },
    {
      "type": "wokwi-buzzer",
      "id": "bz1",
      "top": -26.4,
      "left": -219,
      "attrs": { "volume": "0.1" }
    },
    {
      "type": "wokwi-pushbutton-6mm",
      "id": "btn1",
      "top": 30.6,
      "left": -99.2,
      "rotate": 270,
      "attrs": { "color": "green" }
    }
  ],
  "connections": [
    [ "pico:GP0", "$serialMonitor:RX", "", [] ],
    [ "pico:GP1", "$serialMonitor:TX", "", [] ],
    [ "bb1:30t.a", "pico:GP0", "red", [ "v0" ] ],
    [ "bb1:22t.d", "pico:GP5", "gold", [ "v0" ] ],
    [ "bb1:14t.e", "pico:GP6", "limegreen", [ "v0" ] ],
    [ "pico:GND.1", "bb1:tn.21", "black", [ "h0" ] ],
    [ "bb1:tn.3", "bb1:7t.b", "black", [ "v0" ] ],
    [ "bb1:tn.10", "bb1:15t.b", "black", [ "v0" ] ],
    [ "bb1:tn.16", "bb1:23t.b", "black", [ "v0" ] ],
    [ "bb1:30b.f", "pico:GP8", "green", [ "v0" ] ],
    [ "bb1:tn.1", "bb1:bn.1", "black", [ "v0" ] ],
    [ "bb1:bn.19", "bb1:23b.j", "black", [ "v0" ] ],
    [ "bb1:bn.4", "bb1:5b.j", "black", [ "v0" ] ],
    [ "pico:GP11", "bb1:6b.j", "red", [ "h0" ] ],
    [ "r1:1", "bb1:24t.b", "", [ "$bb" ] ],
    [ "r1:2", "bb1:30t.b", "", [ "$bb" ] ],
    [ "led1:A", "bb1:24t.a", "", [ "$bb" ] ],
    [ "led1:C", "bb1:23t.a", "", [ "$bb" ] ],
    [ "led2:A", "bb1:16t.a", "", [ "$bb" ] ],
    [ "led2:C", "bb1:15t.a", "", [ "$bb" ] ],
    [ "led3:A", "bb1:8t.a", "", [ "$bb" ] ],
    [ "led3:C", "bb1:7t.a", "", [ "$bb" ] ],
    [ "r2:1", "bb1:16t.c", "", [ "$bb" ] ],
    [ "r2:2", "bb1:22t.c", "", [ "$bb" ] ],
    [ "r3:1", "bb1:8t.d", "", [ "$bb" ] ],
    [ "r3:2", "bb1:14t.d", "", [ "$bb" ] ],
    [ "led4:A", "bb1:24b.h", "", [ "$bb" ] ],
    [ "led4:C", "bb1:23b.h", "", [ "$bb" ] ],
    [ "r4:1", "bb1:24b.i", "", [ "$bb" ] ],
    [ "r4:2", "bb1:30b.i", "", [ "$bb" ] ],
    [ "bz1:1", "bb1:5b.i", "", [ "$bb" ] ],
    [ "bz1:2", "bb1:6b.i", "", [ "$bb" ] ],
    [ "btn1:1.l", "bb1:15b.i", "", [ "$bb" ] ],
    [ "btn1:2.l", "bb1:17b.i", "", [ "$bb" ] ],
    [ "btn1:1.r", "bb1:15b.f", "", [ "$bb" ] ],
    [ "btn1:2.r", "bb1:17b.f", "", [ "$bb" ] ],
    [ "bb1:bn.12", "bb1:15b.j", "black", [ "v0" ] ],
    [ "pico:GP15", "bb1:17b.j", "gray", [ "h0" ] ]
  ],
  "dependencies": {}
}